{
	"format_version": "1.12.0",
	"minecraft:geometry": [
		{
			"description": {
				"identifier": "geometry.kitty_bed",
				"texture_width": 64,
				"texture_height": 32,
				"visible_bounds_width": 3,
				"visible_bounds_height": 2,
				"visible_bounds_offset": [0, 0, 0]
			},
			"bones": [
				{
					"name": "unknown_bone",
					"pivot": [0, 0, 0],
					"cubes": [
						{
							"origin": [-8, 0, -6],
							"size": [16, 3, 14],
							"uv": {
								"north": {"uv": [14.66667, 22.66667], "uv_size": [13.33333, 4]},
								"east": {"uv": [0, 30.66667], "uv_size": [13.33333, 1.33333]},
								"south": {"uv": [0, 30.66667], "uv_size": [13.33333, 1.33333]},
								"west": {"uv": [0, 30.66667], "uv_size": [13.33333, 1.33333]},
								"up": {"uv": [29.33333, 28], "uv_size": [-14.66667, -13.33333]},
								"down": {"uv": [61.33333, 27.66667], "uv_size": [-14.66667, -13]}
							}
						},
						{
							"origin": [-9, 0, -6],
							"size": [1, 7, 14],
							"uv": {
								"north": {"uv": [33.33333, 1.33333], "uv_size": [1.33333, 4]},
								"east": {"uv": [46.66667, 8], "uv_size": [14.66667, 8]},
								"south": {"uv": [37.33333, 1.33333], "uv_size": [1.33333, 4]},
								"west": {"uv": [46.66667, 8], "uv_size": [14.66667, 8]},
								"up": {"uv": [58.66667, 24], "uv_size": [-1.33333, -14.66667]},
								"down": {"uv": [61.33333, 28], "uv_size": [-1.33333, -14.66667]}
							}
						},
						{
							"origin": [8, 0, -6],
							"size": [1, 7, 14],
							"uv": {
								"north": {"uv": [33.33333, 1.33333], "uv_size": [1.33333, 4]},
								"east": {"uv": [46.66667, 8], "uv_size": [14.66667, 8]},
								"south": {"uv": [37.33333, 1.33333], "uv_size": [1.33333, 4]},
								"west": {"uv": [46.66667, 8], "uv_size": [14.66667, 8]},
								"up": {"uv": [58.66667, 24], "uv_size": [-1.33333, -14.66667]},
								"down": {"uv": [61.33333, 28], "uv_size": [-1.33333, -14.66667]}
							}
						},
						{
							"origin": [-9, 0, 8],
							"size": [18, 7, 1],
							"uv": {
								"north": {"uv": [46.66667, 8], "uv_size": [14.66667, 8]},
								"east": {"uv": [46.66667, 8], "uv_size": [1.33333, 8]},
								"south": {"uv": [46.66667, 8], "uv_size": [14.66667, 8]},
								"west": {"uv": [46.66667, 8], "uv_size": [1.33333, 8]},
								"up": {"uv": [57.33333, 1.33333], "uv_size": [-18.66667, -1.33333]},
								"down": {"uv": [53.33333, 2.66667], "uv_size": [-18.66667, -1.33333]}
							}
						}
					]
				}
			]
		}
	]
}